SHA,Date
"1a2f7a4477c1e48b8e9992a6cfa974d09a16b629","2025-09-13"
"8932c20b8bd15bd110b28f6707b27796941862e9","2025-09-12"
"beeeba61c2215a6a1b50452aa0d72c6a6dcbbcb4","2025-09-12"
"8273978f3d3a6eb5f7690352b628553fb6bb0db3","2025-09-12"
"3f0fd453676db348cfafdde1ce629b0b9d1711b5","2025-09-12"
"a4db689ef42a59b4e5dc495b55aec79ba532d427","2025-09-12"
"52084dd16e6a57e98df947b33b821b67ca9c9e61","2025-09-12"
"6c4ea212f067b6608d05d9f17d171deeaf12045f","2025-09-12"
"6360e03c4b239bad86f062f0f7e1c322060682ce","2025-09-12"
"a9f41812f6edd42014f6e8d657dee7d6ed352c44","2025-09-12"
"57ba39483925ca72d804cee7627f42d31fcdf700","2025-09-12"
"19bcc01ef6c631eabb11362fb6a14bd9a7fd713f","2025-09-07"
"ef4834f96aa10957e593842566d025dfe8858a97","2025-09-07"
"938256cff8a03b4873ac359a925d2a156249c1c7","2025-09-07"
"d226d4130af191384c0dea4797ad5cea4af4b7a9","2025-09-07"
"25a4709a531996e5aef0cdb68c7be6fb1cbb0287","2025-09-05"
"ee5d1513a8113d057f007a32c95941e42cd77824","2025-09-05"
"a7c462c9478cd9adf941cb906f4e53810551b50d","2025-09-05"
"1cdbbbd0a35eb381b1dc166feedc24cd4dd9cf37","2025-09-05"
"c5b41c7670fa6e9944f66f60df5760e02e9d19ac","2025-09-05"
"0da4c1a568fa2e585c9025d11c5a176b9a3826fd","2025-09-05"
"a690c7bb6797820e1c233fbe63f2cc5884c8a2f6","2025-09-05"
"8092723c38292f252e91a5471ec7cdf896341468","2025-09-05"
"0090d1f8fdb74ed952bdcf5065acb7c9405bcd0b","2025-09-05"
"8cb8b309c9ffed47322744d6d7c64a1dab867ff0","2025-09-05"
"fc533b5d8bb630129c5ecb2c6cd0b99a0a4b7254","2025-09-05"
"fd9a9de40cd54aeb90d931fccc5be47397ef8a69","2025-09-05"
"6ee01505075803a1d2f173e6ff5f7d26138acca8","2025-09-05"
"8425eb91e693f282e37ae400152e3e1dac532ceb","2025-09-05"
"c9dba894f218a3d1dd7a12e3c938688aeb4262a4","2025-09-05"
"beab20a5bd1777f72becf64856f46a1e10d3f143","2025-09-05"
"be16db5ab4d749c543a15f0472644515ad9e9bc2","2025-09-05"
"26acd85d6181be3137b7dfa602e4418840a33788","2025-09-05"
"62ed6bd43909cbdfffd3a352f9194d90f4610d7c","2025-09-05"
"34375f618cc82f7e64005b30d7952bdb8904c40c","2025-09-05"
"f28c8d10608237a1e9f730cc8cfeea4ee288f579","2025-09-05"
"e063ebf39935149a457264223c68b660dde6e909","2025-09-05"
"8eadc171b0081e45e617416fec1ec972e1d5c2bc","2025-09-05"
"e50886121be64a3b25d09a71ce6253f5772b8d49","2025-09-05"
"38bfdc235ef77a27da7c828c70aa0b5a8e0a49f5","2025-09-05"
"64339e9663c8294060b904fd0da59d51a5d24e9a","2025-09-05"
"f8766f8ef3f6ac6ac2d1b386cff13fe86a731ad8","2025-09-05"
"90ac24ad25b8c5fbd2a6878efe39f51b9fec1afc","2025-09-05"
"db49310a24f4c53467965efa66216647a368bc1e","2025-09-05"
"4682ac214ac8a1a49b5f22e2c9b19bc93c827a6a","2025-09-05"
"dace3d2722db2d3afd6a1b73b5418a07570ac9b6","2025-09-05"
"7c79f4e6c9848b9636b36b265664caa153252209","2025-09-05"
"1503091d4ce9233355586c406beb7af94a0f63ba","2025-09-05"
"6e1337655f267d23ddf3aad2af8f2e79293e14d7","2025-09-04"
"28717eebd7d946be18636ccf395d3ec19d2f4513","2025-09-04"
"ba68de61e1849dbf5d2109b8fd8e729b59bf5be1","2025-09-04"
"a54dff188fb8294f7febc8c2e4a6a57e5a462694","2025-09-04"
"9aad121224c8f4236490d82197020c388124812c","2025-09-04"
"54c6d4b1b882b5a563a275992e2a279ccac07583","2025-09-04"
"255bef0ada8d9ce438c09d81a79d0f86f5db1b93","2025-09-04"
"99ead21dded495208cb54e5dc9d7a2548262e29a","2025-09-04"
"ee75929640b8f3d430321ad60c69ecece18031c2","2025-09-04"
"c719628333cffac83f8338fd15a9e15a33457edf","2025-09-04"
"6ed61fd2d94e25fdd24ce516d211f73d252d25a9","2025-09-04"
"6c31aa935d152745e99a97f5cdbdcf592868f670","2025-09-04"
"b7cef49b348a21b6e936db3c3c31ff01fa614a13","2025-09-04"
"fb456b1ecf17739963e935dc7c67beafb7e7b7bf","2025-09-04"
"760137879d919601dd304f0f8016f0c1be97082b","2025-09-04"
"2a15e1b956a867e7a6039ece6fb6e87e0ae6da49","2025-09-04"
"452bbd394715736887584e591561fde917bde5d0","2025-09-04"
"2f6988af863073d813a5c16d3c5d6cc9b283f3ae","2025-09-04"
"19e5afad17187495ffd5279884c95aac78cace8c","2025-09-04"
"c5cb9616c647228fc2f2103a3e9c19b7c7e8186a","2025-09-04"
"b2ebb5b651ca492aaec6324a1411da462c54ec5e","2025-09-04"
"744a6f9b8fd80ae585875ef397d4428c568785e2","2025-09-04"
"27ef1888969d238ff738482979939b2965c188a7","2025-09-04"
"62121dea5474811487db82e24583daa407d2f210","2025-09-04"
"76facf00cbde0f2044b8e38e08066e8037eee340","2025-09-04"
"efaf11306c2b3f13098dbf8919c00cdda44795a1","2025-09-04"
"af6d8e0b941e9d383f3240c6618f4426a1580f0f","2025-09-04"
"a1ce11e45bbc4ba699ab2aac6c1055c7c158523d","2025-09-04"
"694cc723347a767e2e1b36dca4011f1e85f8e668","2025-09-04"
"62e81c046deada5100be170d8976e833ffaeca7c","2025-09-04"
"279141745391bc8d20f6a605e901ff2a9ba1e515","2025-09-14"
"d782b51dd6acfcc8b6d0aff3fa5c635b12b2588a","2025-09-14"
"f37439fb0892cfb20015f8247fc9d77c479813cb","2025-09-14"
"382afbb8f87bde59b97fb56204001c90b21c4423","2025-09-14"
"8d2530fb8e36be3995cfad8b6b3133ef1cabd6db","2025-09-13"
"56b0b78f4fc021076839ee3466cdde60f36c4a6b","2025-09-14"
